ID,Label
0.jpg,65
1.jpg,43
2.jpg,38
3.jpg,72
4.jpg,37
5.jpg,75
6.jpg,3
7.jpg,36
8.jpg,72
9.jpg,65
10.jpg,79
11.jpg,90
12.jpg,94
13.jpg,52
14.jpg,49
15.jpg,23
16.jpg,91
17.jpg,81
18.jpg,12
19.jpg,49
20.jpg,94
21.jpg,13
22.jpg,74
23.jpg,85
24.jpg,32
25.jpg,79
26.jpg,72
27.jpg,20
28.jpg,39
29.jpg,33
30.jpg,53
31.jpg,40
32.jpg,44
33.jpg,83
34.jpg,19
35.jpg,24
36.jpg,58
37.jpg,91
38.jpg,72
39.jpg,78
40.jpg,94
41.jpg,74
42.jpg,19
43.jpg,18
44.jpg,94
45.jpg,96
46.jpg,86
47.jpg,65
48.jpg,24
49.jpg,12
50.jpg,83
51.jpg,6
52.jpg,41
53.jpg,81
54.jpg,29
55.jpg,16
56.jpg,79
57.jpg,54
58.jpg,72
59.jpg,37
60.jpg,41
61.jpg,81
62.jpg,65
63.jpg,85
64.jpg,41
65.jpg,13
66.jpg,43
67.jpg,11
68.jpg,91
69.jpg,59
70.jpg,74
71.jpg,53
72.jpg,18
73.jpg,12
74.jpg,72
75.jpg,46
76.jpg,22
77.jpg,38
78.jpg,71
79.jpg,10
80.jpg,25
81.jpg,43
82.jpg,88
83.jpg,20
84.jpg,87
85.jpg,86
86.jpg,78
87.jpg,48
88.jpg,81
89.jpg,12
90.jpg,44
91.jpg,29
92.jpg,49
93.jpg,22
94.jpg,37
95.jpg,24
96.jpg,15
97.jpg,67
98.jpg,85
99.jpg,14
100.jpg,26
101.jpg,52
102.jpg,95
103.jpg,44
104.jpg,4
105.jpg,10
106.jpg,72
107.jpg,14
108.jpg,72
109.jpg,87
110.jpg,58
111.jpg,23
112.jpg,31
113.jpg,70
114.jpg,74
115.jpg,65
116.jpg,1
117.jpg,58
118.jpg,12
119.jpg,32
120.jpg,65
121.jpg,70
122.jpg,24
123.jpg,69
124.jpg,58
125.jpg,82
126.jpg,72
127.jpg,49
128.jpg,19
129.jpg,59
130.jpg,88
131.jpg,33
132.jpg,45
133.jpg,86
134.jpg,91
135.jpg,45
136.jpg,84
137.jpg,78
138.jpg,40
139.jpg,96
140.jpg,56
141.jpg,94
142.jpg,22
143.jpg,78
144.jpg,83
145.jpg,94
146.jpg,15
147.jpg,75
148.jpg,32
149.jpg,33
150.jpg,7
151.jpg,52
152.jpg,74
153.jpg,14
154.jpg,94
155.jpg,39
156.jpg,94
157.jpg,58
158.jpg,72
159.jpg,7
160.jpg,24
161.jpg,53
162.jpg,1
163.jpg,46
164.jpg,71
165.jpg,87
166.jpg,14
167.jpg,31
168.jpg,26
169.jpg,58
170.jpg,81
171.jpg,13
172.jpg,55
173.jpg,74
174.jpg,6
175.jpg,72
176.jpg,58
177.jpg,13
178.jpg,4
179.jpg,94
180.jpg,78
181.jpg,94
182.jpg,70
183.jpg,23
184.jpg,95
185.jpg,9
186.jpg,36
187.jpg,41
188.jpg,81
189.jpg,59
190.jpg,40
191.jpg,94
192.jpg,37
193.jpg,26
194.jpg,96
195.jpg,32
196.jpg,94
197.jpg,53
198.jpg,47
199.jpg,67
200.jpg,78
201.jpg,26
202.jpg,38
203.jpg,85
204.jpg,83
205.jpg,79
206.jpg,74
207.jpg,6
208.jpg,7
209.jpg,1
210.jpg,72
211.jpg,54
212.jpg,75
213.jpg,1
214.jpg,38
215.jpg,2
216.jpg,3
217.jpg,1
218.jpg,52
219.jpg,29
220.jpg,60
221.jpg,15
222.jpg,49
223.jpg,11
224.jpg,59
225.jpg,92
226.jpg,26
227.jpg,37
228.jpg,20
229.jpg,84
230.jpg,96
231.jpg,86
232.jpg,91
233.jpg,84
234.jpg,6
235.jpg,81
236.jpg,6
237.jpg,38
238.jpg,81
239.jpg,54
240.jpg,9
241.jpg,0
242.jpg,19
243.jpg,52
244.jpg,33
245.jpg,2
246.jpg,85
247.jpg,94
248.jpg,12
249.jpg,81
250.jpg,54
251.jpg,38
252.jpg,7
253.jpg,72
254.jpg,78
255.jpg,58
256.jpg,70
257.jpg,20
258.jpg,17
259.jpg,33
260.jpg,96
261.jpg,47
262.jpg,94
263.jpg,91
264.jpg,43
265.jpg,85
266.jpg,74
267.jpg,36
268.jpg,74
269.jpg,18
270.jpg,5
271.jpg,81
272.jpg,79
273.jpg,14
274.jpg,83
275.jpg,40
276.jpg,60
277.jpg,4
278.jpg,7
279.jpg,46
280.jpg,96
281.jpg,22
282.jpg,81
283.jpg,54
284.jpg,44
285.jpg,78
286.jpg,72
287.jpg,85
288.jpg,81
289.jpg,31
290.jpg,38
291.jpg,38
292.jpg,86
293.jpg,49
294.jpg,72
295.jpg,94
296.jpg,95
297.jpg,34
298.jpg,34
299.jpg,19
300.jpg,52
301.jpg,49
302.jpg,65
303.jpg,33
304.jpg,92
305.jpg,45
306.jpg,81
307.jpg,48
308.jpg,87
309.jpg,23
310.jpg,22
311.jpg,1
312.jpg,56
313.jpg,96
314.jpg,60
315.jpg,72
316.jpg,65
317.jpg,78
318.jpg,14
319.jpg,16
320.jpg,29
321.jpg,43
322.jpg,49
323.jpg,86
324.jpg,40
325.jpg,40
326.jpg,72
327.jpg,56
328.jpg,40
329.jpg,96
330.jpg,52
331.jpg,48
332.jpg,72
333.jpg,49
334.jpg,36
335.jpg,12
336.jpg,55
337.jpg,85
338.jpg,46
339.jpg,75
340.jpg,86
341.jpg,49
342.jpg,34
343.jpg,83
344.jpg,74
345.jpg,92
346.jpg,85
347.jpg,37
348.jpg,39
349.jpg,46
350.jpg,83
351.jpg,44
352.jpg,3
353.jpg,16
354.jpg,12
355.jpg,49
356.jpg,65
357.jpg,72
358.jpg,16
359.jpg,6
360.jpg,72
361.jpg,49
362.jpg,16
363.jpg,44
364.jpg,4
365.jpg,0
366.jpg,91
367.jpg,59
368.jpg,40
369.jpg,30
370.jpg,89
371.jpg,10
372.jpg,41
373.jpg,12
374.jpg,54
375.jpg,46
376.jpg,58
377.jpg,54
378.jpg,59
379.jpg,65
380.jpg,67
381.jpg,74
382.jpg,58
383.jpg,56
384.jpg,48
385.jpg,74
386.jpg,92
387.jpg,11
388.jpg,59
389.jpg,84
390.jpg,74
391.jpg,18
392.jpg,52
393.jpg,94
394.jpg,32
395.jpg,45
396.jpg,38
397.jpg,82
398.jpg,7
399.jpg,1
400.jpg,82
401.jpg,2
402.jpg,62
403.jpg,17
404.jpg,26
405.jpg,78
406.jpg,1
407.jpg,15
408.jpg,36
409.jpg,87
410.jpg,9
411.jpg,40
412.jpg,9
413.jpg,70
414.jpg,11
415.jpg,96
416.jpg,86
417.jpg,72
418.jpg,14
419.jpg,94
420.jpg,72
421.jpg,52
422.jpg,53
423.jpg,92
424.jpg,59
425.jpg,81
426.jpg,24
427.jpg,85
428.jpg,12
429.jpg,72
430.jpg,15
431.jpg,65
432.jpg,72
433.jpg,2
434.jpg,34
435.jpg,49
436.jpg,3
437.jpg,67
438.jpg,19
439.jpg,77
440.jpg,54
441.jpg,53
442.jpg,20
443.jpg,78
444.jpg,81
445.jpg,53
446.jpg,78
447.jpg,75
448.jpg,49
449.jpg,70
450.jpg,32
451.jpg,74
452.jpg,18
453.jpg,30
454.jpg,48
455.jpg,81
456.jpg,65
457.jpg,53
458.jpg,72
459.jpg,39
460.jpg,65
461.jpg,74
462.jpg,94
463.jpg,52
464.jpg,85
465.jpg,38
466.jpg,7
467.jpg,85
468.jpg,49
469.jpg,94
470.jpg,85
471.jpg,0
472.jpg,52
473.jpg,58
474.jpg,40
475.jpg,44
476.jpg,3
477.jpg,60
478.jpg,13
479.jpg,19
480.jpg,41
481.jpg,21
482.jpg,72
483.jpg,49
484.jpg,52
485.jpg,91
486.jpg,12
487.jpg,88
488.jpg,78
489.jpg,52
490.jpg,53
491.jpg,65
492.jpg,81
493.jpg,70
494.jpg,86
495.jpg,30
496.jpg,83
497.jpg,85
498.jpg,53
499.jpg,48
500.jpg,84
501.jpg,52
502.jpg,58
503.jpg,21
504.jpg,38
505.jpg,81
506.jpg,12
507.jpg,17
508.jpg,49
509.jpg,9
510.jpg,72
511.jpg,12
512.jpg,74
513.jpg,71
514.jpg,94
515.jpg,58
516.jpg,16
517.jpg,20
518.jpg,34
519.jpg,49
520.jpg,94
521.jpg,2
522.jpg,17
523.jpg,2
524.jpg,85
525.jpg,94
526.jpg,7
527.jpg,72
528.jpg,53
529.jpg,72
530.jpg,13
531.jpg,14
532.jpg,85
533.jpg,89
534.jpg,56
535.jpg,23
536.jpg,74
537.jpg,91
538.jpg,26
539.jpg,12
540.jpg,56
541.jpg,87
542.jpg,10
543.jpg,85
544.jpg,43
545.jpg,33
546.jpg,1
547.jpg,15
548.jpg,6
549.jpg,44
550.jpg,33
551.jpg,20
552.jpg,85
553.jpg,82
554.jpg,43
555.jpg,86
556.jpg,41
557.jpg,79
558.jpg,78
559.jpg,43
560.jpg,37
561.jpg,40
562.jpg,31
563.jpg,19
564.jpg,65
565.jpg,45
566.jpg,91
567.jpg,29
568.jpg,32
569.jpg,85
570.jpg,15
571.jpg,2
572.jpg,48
573.jpg,18
574.jpg,92
575.jpg,12
576.jpg,65
577.jpg,85
578.jpg,26
579.jpg,65
580.jpg,94
581.jpg,37
582.jpg,3
583.jpg,87
584.jpg,43
585.jpg,2
586.jpg,34
587.jpg,45
588.jpg,39
589.jpg,70
590.jpg,13
591.jpg,74
592.jpg,40
593.jpg,40
594.jpg,53
595.jpg,10
596.jpg,96
597.jpg,3
598.jpg,85
599.jpg,49
600.jpg,90
601.jpg,94
602.jpg,6
603.jpg,72
604.jpg,85
605.jpg,85
606.jpg,94
607.jpg,33
608.jpg,83
609.jpg,85
610.jpg,78
611.jpg,92
612.jpg,72
613.jpg,47
614.jpg,70
615.jpg,58
616.jpg,5
617.jpg,85
618.jpg,94
619.jpg,6
620.jpg,29
621.jpg,45
622.jpg,31
623.jpg,82
624.jpg,82
625.jpg,90
626.jpg,70
627.jpg,40
628.jpg,70
629.jpg,12
630.jpg,72
631.jpg,81
632.jpg,34
633.jpg,47
634.jpg,0
635.jpg,96
636.jpg,94
637.jpg,94
638.jpg,49
639.jpg,70
640.jpg,23
641.jpg,29
642.jpg,24
643.jpg,94
644.jpg,18
645.jpg,46
646.jpg,74
647.jpg,3
648.jpg,53
649.jpg,40
650.jpg,96
651.jpg,33
652.jpg,48
653.jpg,96
654.jpg,91
655.jpg,82
656.jpg,20
657.jpg,77
658.jpg,72
659.jpg,18
660.jpg,96
661.jpg,29
662.jpg,13
663.jpg,45
664.jpg,94
665.jpg,25
666.jpg,31
667.jpg,4
668.jpg,25
669.jpg,38
670.jpg,11
671.jpg,15
672.jpg,23
673.jpg,19
674.jpg,30
675.jpg,47
676.jpg,72
677.jpg,20
678.jpg,1
679.jpg,70
680.jpg,3
681.jpg,1
682.jpg,34
683.jpg,75
684.jpg,59
685.jpg,94
686.jpg,89
687.jpg,19
688.jpg,81
689.jpg,72
690.jpg,46
691.jpg,33
692.jpg,58
693.jpg,81
694.jpg,37
695.jpg,22
696.jpg,81
697.jpg,75
698.jpg,16
699.jpg,81
700.jpg,11
701.jpg,37
702.jpg,48
703.jpg,22
704.jpg,74
705.jpg,28
706.jpg,52
707.jpg,72
708.jpg,91
709.jpg,94
710.jpg,40
711.jpg,46
712.jpg,72
713.jpg,39
714.jpg,37
715.jpg,91
716.jpg,58
717.jpg,37
718.jpg,72
719.jpg,94
720.jpg,94
721.jpg,36
722.jpg,43
723.jpg,94
724.jpg,54
725.jpg,3
726.jpg,85
727.jpg,74
728.jpg,83
729.jpg,7
730.jpg,72
731.jpg,26
732.jpg,1
733.jpg,92
734.jpg,54
735.jpg,81
736.jpg,44
737.jpg,89
738.jpg,58
739.jpg,20
740.jpg,52
741.jpg,52
742.jpg,57
743.jpg,94
744.jpg,67
745.jpg,32
746.jpg,82
747.jpg,84
748.jpg,78
749.jpg,94
750.jpg,40
751.jpg,68
752.jpg,52
753.jpg,6
754.jpg,92
755.jpg,26
756.jpg,18
757.jpg,49
758.jpg,81
759.jpg,5
760.jpg,28
761.jpg,65
762.jpg,56
763.jpg,82
764.jpg,17
765.jpg,72
766.jpg,85
767.jpg,24
768.jpg,52
769.jpg,95
770.jpg,91
771.jpg,52
772.jpg,12
773.jpg,72
774.jpg,24
775.jpg,77
776.jpg,23
777.jpg,6
778.jpg,65
779.jpg,72
780.jpg,74
781.jpg,24
782.jpg,40
783.jpg,60
784.jpg,19
785.jpg,13
786.jpg,95
787.jpg,32
788.jpg,81
789.jpg,83
790.jpg,58
791.jpg,37
792.jpg,74
793.jpg,52
794.jpg,94
795.jpg,14
796.jpg,45
797.jpg,23
798.jpg,92
799.jpg,55
800.jpg,12
801.jpg,30
802.jpg,36
803.jpg,4
804.jpg,23
805.jpg,34
806.jpg,43
807.jpg,38
808.jpg,12
809.jpg,82
810.jpg,54
811.jpg,23
812.jpg,6
813.jpg,52
814.jpg,23
815.jpg,72
816.jpg,13
817.jpg,17
818.jpg,65
819.jpg,94
820.jpg,92
821.jpg,5
822.jpg,32
823.jpg,58
824.jpg,70
825.jpg,96
826.jpg,33
827.jpg,17
828.jpg,74
829.jpg,49
830.jpg,49
831.jpg,65
832.jpg,17
833.jpg,52
834.jpg,52
835.jpg,24
836.jpg,94
837.jpg,85
838.jpg,49
839.jpg,12
840.jpg,81
841.jpg,72
842.jpg,26
843.jpg,34
844.jpg,24
845.jpg,24
846.jpg,58
847.jpg,72
848.jpg,26
849.jpg,81
850.jpg,26
851.jpg,72
852.jpg,72
853.jpg,58
854.jpg,9
855.jpg,85
856.jpg,78
857.jpg,49
858.jpg,26
859.jpg,18
860.jpg,65
861.jpg,72
862.jpg,48
863.jpg,94
864.jpg,23
865.jpg,81
866.jpg,6
867.jpg,41
868.jpg,7
869.jpg,90
870.jpg,60
871.jpg,40
872.jpg,37
873.jpg,85
874.jpg,91
875.jpg,74
876.jpg,78
877.jpg,3
878.jpg,11
879.jpg,3
880.jpg,22
881.jpg,74
882.jpg,12
883.jpg,52
884.jpg,17
885.jpg,86
886.jpg,37
887.jpg,78
888.jpg,37
889.jpg,94
890.jpg,96
891.jpg,67
892.jpg,12
893.jpg,67
894.jpg,1
895.jpg,58
896.jpg,72
897.jpg,81
898.jpg,72
899.jpg,12
900.jpg,5
901.jpg,52
902.jpg,83
903.jpg,13
904.jpg,40
905.jpg,49
906.jpg,23
907.jpg,67
908.jpg,79
909.jpg,7
910.jpg,43
911.jpg,74
912.jpg,85
913.jpg,26
914.jpg,39
915.jpg,53
916.jpg,45
917.jpg,78
918.jpg,94
919.jpg,72
920.jpg,5
921.jpg,95
922.jpg,40
923.jpg,15
924.jpg,43
925.jpg,74
926.jpg,40
927.jpg,81
928.jpg,60
929.jpg,21
930.jpg,6
931.jpg,94
932.jpg,79
933.jpg,20
934.jpg,25
935.jpg,14
936.jpg,10
937.jpg,32
938.jpg,94
939.jpg,1
940.jpg,40
941.jpg,58
942.jpg,54
943.jpg,74
944.jpg,18
945.jpg,84
946.jpg,74
947.jpg,34
948.jpg,94
949.jpg,0
950.jpg,91
951.jpg,95
952.jpg,48
953.jpg,14
954.jpg,78
955.jpg,41
956.jpg,12
957.jpg,65
958.jpg,7
959.jpg,68
960.jpg,84
961.jpg,38
962.jpg,94
963.jpg,15
964.jpg,46
965.jpg,52
966.jpg,49
967.jpg,81
968.jpg,19
969.jpg,28
970.jpg,74
971.jpg,52
972.jpg,78
973.jpg,56
974.jpg,43
975.jpg,18
976.jpg,79
977.jpg,91
978.jpg,74
979.jpg,37
980.jpg,85
981.jpg,44
982.jpg,94
983.jpg,56
984.jpg,49
985.jpg,30
986.jpg,59
987.jpg,31
988.jpg,60
989.jpg,36
990.jpg,30
991.jpg,72
992.jpg,24
993.jpg,58
994.jpg,58
995.jpg,74
996.jpg,72
997.jpg,91
998.jpg,83
999.jpg,71
1000.jpg,31
1001.jpg,85
1002.jpg,70
1003.jpg,53
1004.jpg,78
1005.jpg,54
1006.jpg,95
1007.jpg,49
1008.jpg,79
1009.jpg,77
1010.jpg,7
1011.jpg,81
1012.jpg,78
1013.jpg,86
1014.jpg,11
1015.jpg,32
1016.jpg,22
1017.jpg,49
1018.jpg,20
1019.jpg,17
1020.jpg,82
1021.jpg,82
1022.jpg,12
1023.jpg,75
1024.jpg,48
1025.jpg,40
1026.jpg,60
1027.jpg,94
1028.jpg,65
1029.jpg,37
1030.jpg,60
1031.jpg,31
1032.jpg,2
1033.jpg,12
1034.jpg,92
1035.jpg,59
